{
    "exclude": [
        "LiRe"
    ],
    "weights": {
        "RaFo": [
            0.5191262513881576,
            0.5272260260117044,
            0.5226166715276696,
            0.5207541918955256,
            0.5177030492131035,
            0.5234843067769634,
            0.5165738644782006,
            0.5185049404953109,
            0.5177982458345379,
            0.5276080753309667,
            0.5142533705096769,
            0.533923661934887,
            0.5275337246923335,
            0.5621674317096008,
            0.7259115994876512,
            0.5166951301970221,
            0.5534712167469427,
            1.0,
            0.5386320953432926,
            0.5210073696956332,
            0.5317225005505687,
            0.5291134263518558,
            0.5507052559500333,
            0.5262153078031424,
            0.5299361457573529,
            0.5346920572503008,
            0.5355446955298148,
            0.5304657032006196,
            0.5308263479349247,
            0.529295860187839,
            0.5146607474275869,
            0.5170175041216617,
            0.5326098505280922,
            0.5247281245781641,
            0.5275991839832944,
            0.5345690559625729,
            0.5221720032641629,
            0.5190577749667666,
            0.5244787957050152,
            0.522440239683462,
            0.5175501841561831,
            0.5210519999246257,
            0.5285285410497411,
            0.5345968347183775,
            0.5266060428712246,
            0.8067311114577158,
            0.519949792153205,
            0.5476959876544766,
            0.5487296735344439,
            0.578776597063129,
            0.5215445644801076,
            0.5177893570502224,
            0.5250716091632041,
            0.5241306484364927,
            0.5252528305949759,
            0.5354986303485708,
            0.532876751118307,
            0.5231634965688827,
            0.5303147913009585,
            0.5203165562208266,
            0.5264637537847692,
            0.5225516177252686,
            0.5245672185663386,
            0.5373390948452599,
            0.5272549176254295,
            1.0,
            0.5299722692837477,
            1.0,
            1.0,
            1.0,
            1.0,
            0.5507383831604635
        ],
        "NeNe": [
            0.48087374861184234,
            0.47277397398829557,
            0.47738332847233056,
            0.47924580810447437,
            0.48229695078689644,
            0.4765156932230365,
            0.4834261355217994,
            0.4814950595046891,
            0.482201754165462,
            0.4723919246690333,
            0.48574662949032305,
            0.4660763380651129,
            0.4724662753076664,
            0.43783256829039924,
            0.2740884005123489,
            0.4833048698029779,
            0.44652878325305734,
            0.0,
            0.4613679046567074,
            0.4789926303043668,
            0.46827749944943126,
            0.47088657364814424,
            0.44929474404996667,
            0.4737846921968576,
            0.4700638542426471,
            0.4653079427496992,
            0.4644553044701853,
            0.4695342967993804,
            0.46917365206507533,
            0.470704139812161,
            0.4853392525724131,
            0.48298249587833825,
            0.4673901494719078,
            0.47527187542183585,
            0.4724008160167056,
            0.4654309440374271,
            0.4778279967358371,
            0.4809422250332334,
            0.47552120429498484,
            0.4775597603165379,
            0.48244981584381674,
            0.47894800007537436,
            0.4714714589502589,
            0.46540316528162246,
            0.4733939571287754,
            0.19326888854228425,
            0.480050207846795,
            0.4523040123455234,
            0.4512703264655561,
            0.42122340293687094,
            0.47845543551989256,
            0.4822106429497775,
            0.474928390836796,
            0.47586935156350724,
            0.4747471694050242,
            0.4645013696514293,
            0.467123248881693,
            0.47683650343111733,
            0.46968520869904157,
            0.4796834437791734,
            0.4735362462152308,
            0.47744838227473146,
            0.47543278143366147,
            0.4626609051547401,
            0.47274508237457036,
            0.0,
            0.47002773071625215,
            0.0,
            0.0,
            0.0,
            0.0,
            0.44926161683953636
        ]
    },
    "verbose": true
}